<?xml version="1.0" encoding="UTF-8"?>
<!-- ====================================================================== -->
<!--                                                                        -->
<!-- Generated by Maven Help Plugin                                         -->
<!-- See: https://maven.apache.org/plugins/maven-help-plugin/               -->
<!--                                                                        -->
<!-- ====================================================================== -->
<!-- ====================================================================== -->
<!--                                                                        -->
<!-- Effective POM for project 'com.example:demo:jar:1.0-SNAPSHOT'          -->
<!--                                                                        -->
<!-- ====================================================================== -->
<project xmlns="http://maven.apache.org/POM/4.0.0" xmlns:xsi="http://www.w3.org/2001/XMLSchema-instance" xsi:schemaLocation="http://maven.apache.org/POM/4.0.0 https://maven.apache.org/xsd/maven-4.0.0.xsd">
  <modelVersion>4.0.0</modelVersion>
  <groupId>com.example</groupId>
  <artifactId>demo</artifactId>
  <version>1.0-SNAPSHOT</version>
  <properties>
    <maven.compiler.source>17</maven.compiler.source>
    <maven.compiler.target>17</maven.compiler.target>
  </properties>
  <dependencies>
    <dependency>
      <groupId>org.springframework</groupId>
      <artifactId>spring-context</artifactId>
      <version>5.3.27</version>
      <scope>compile</scope>
    </dependency>
    <dependency>
      <groupId>junit</groupId>
      <artifactId>junit</artifactId>
      <version>4.13.2</version>
      <scope>test</scope>
    </dependency>
  </dependencies>
  <repositories>
    <repository>
      <snapshots>
        <enabled>false</enabled>
      </snapshots>
      <id>central</id>
      <name>Central Repository</name>
      <url>https://repo.maven.apache.org/maven2</url>
    </repository>
  </repositories>
  <pluginRepositories>
    <pluginRepository>
      <snapshots>
        <enabled>false</enabled>
      </snapshots>
      <id>central</id>
      <name>Central Repository</name>
      <url>https://repo.maven.apache.org/maven2</url>
    </pluginRepository>
  </pluginRepositories>
  <build>
    <sourceDirectory>c:\Users\ALLWIN SANTHOSH P\Downloads\cognizant-all-weeks\week3-main\Exercise 1 Configuring a Basic Spring Application\demo\src\main\java</sourceDirectory>
    <scriptSourceDirectory>c:\Users\ALLWIN SANTHOSH P\Downloads\cognizant-all-weeks\week3-main\Exercise 1 Configuring a Basic Spring Application\demo\src\main\scripts</scriptSourceDirectory>
    <testSourceDirectory>c:\Users\ALLWIN SANTHOSH P\Downloads\cognizant-all-weeks\week3-main\Exercise 1 Configuring a Basic Spring Application\demo\src\test\java</testSourceDirectory>
    <outputDirectory>c:\Users\ALLWIN SANTHOSH P\Downloads\cognizant-all-weeks\week3-main\Exercise 1 Configuring a Basic Spring Application\demo\target\classes</outputDirectory>
    <testOutputDirectory>c:\Users\ALLWIN SANTHOSH P\Downloads\cognizant-all-weeks\week3-main\Exercise 1 Configuring a Basic Spring Application\demo\target\test-classes</testOutputDirectory>
    <resources>
      <resource>
        <directory>c:\Users\ALLWIN SANTHOSH P\Downloads\cognizant-all-weeks\week3-main\Exercise 1 Configuring a Basic Spring Application\demo\src\main\resources</directory>
      </resource>
    </resources>
    <testResources>
      <testResource>
        <directory>c:\Users\ALLWIN SANTHOSH P\Downloads\cognizant-all-weeks\week3-main\Exercise 1 Configuring a Basic Spring Application\demo\src\test\resources</directory>
      </testResource>
    </testResources>
    <directory>c:\Users\ALLWIN SANTHOSH P\Downloads\cognizant-all-weeks\week3-main\Exercise 1 Configuring a Basic Spring Application\demo\target</directory>
    <finalName>demo-1.0-SNAPSHOT</finalName>
    <pluginManagement>
      <plugins>
        <plugin>
          <artifactId>maven-antrun-plugin</artifactId>
          <version>3.1.0</version>
        </plugin>
        <plugin>
          <artifactId>maven-assembly-plugin</artifactId>
          <version>3.7.1</version>
        </plugin>
        <plugin>
          <artifactId>maven-dependency-plugin</artifactId>
          <version>3.7.0</version>
        </plugin>
        <plugin>
          <artifactId>maven-release-plugin</artifactId>
          <version>3.0.1</version>
        </plugin>
      </plugins>
    </pluginManagement>
    <plugins>
      <plugin>
        <artifactId>maven-compiler-plugin</artifactId>
        <version>3.8.1</version>
        <executions>
          <execution>
            <id>default-compile</id>
            <phase>compile</phase>
            <goals>
              <goal>compile</goal>
            </goals>
          </execution>
          <execution>
            <id>default-testCompile</id>
            <phase>test-compile</phase>
            <goals>
              <goal>testCompile</goal>
            </goals>
          </execution>
        </executions>
      </plugin>
      <plugin>
        <artifactId>maven-surefire-plugin</artifactId>
        <version>2.22.2</version>
        <executions>
          <execution>
            <id>default-test</id>
            <phase>test</phase>
            <goals>
              <goal>test</goal>
            </goals>
          </execution>
        </executions>
      </plugin>
      <plugin>
        <artifactId>maven-clean-plugin</artifactId>
        <version>3.2.0</version>
        <executions>
          <execution>
            <id>default-clean</id>
            <phase>clean</phase>
            <goals>
              <goal>clean</goal>
            </goals>
          </execution>
        </executions>
      </plugin>
      <plugin>
        <artifactId>maven-resources-plugin</artifactId>
        <version>3.3.1</version>
        <executions>
          <execution>
            <id>default-testResources</id>
            <phase>process-test-resources</phase>
            <goals>
              <goal>testResources</goal>
            </goals>
          </execution>
          <execution>
            <id>default-resources</id>
            <phase>process-resources</phase>
            <goals>
              <goal>resources</goal>
            </goals>
          </execution>
        </executions>
      </plugin>
      <plugin>
        <artifactId>maven-jar-plugin</artifactId>
        <version>3.4.1</version>
        <executions>
          <execution>
            <id>default-jar</id>
            <phase>package</phase>
            <goals>
              <goal>jar</goal>
            </goals>
          </execution>
        </executions>
      </plugin>
      <plugin>
        <artifactId>maven-install-plugin</artifactId>
        <version>3.1.2</version>
        <executions>
          <execution>
            <id>default-install</id>
            <phase>install</phase>
            <goals>
              <goal>install</goal>
            </goals>
          </execution>
        </executions>
      </plugin>
      <plugin>
        <artifactId>maven-deploy-plugin</artifactId>
        <version>3.1.2</version>
        <executions>
          <execution>
            <id>default-deploy</id>
            <phase>deploy</phase>
            <goals>
              <goal>deploy</goal>
            </goals>
          </execution>
        </executions>
      </plugin>
      <plugin>
        <artifactId>maven-site-plugin</artifactId>
        <version>3.12.1</version>
        <executions>
          <execution>
            <id>default-site</id>
            <phase>site</phase>
            <goals>
              <goal>site</goal>
            </goals>
            <configuration>
              <outputDirectory>c:\Users\ALLWIN SANTHOSH P\Downloads\cognizant-all-weeks\week3-main\Exercise 1 Configuring a Basic Spring Application\demo\target\site</outputDirectory>
              <reportPlugins>
                <reportPlugin>
                  <groupId>org.apache.maven.plugins</groupId>
                  <artifactId>maven-project-info-reports-plugin</artifactId>
                </reportPlugin>
              </reportPlugins>
            </configuration>
          </execution>
          <execution>
            <id>default-deploy</id>
            <phase>site-deploy</phase>
            <goals>
              <goal>deploy</goal>
            </goals>
            <configuration>
              <outputDirectory>c:\Users\ALLWIN SANTHOSH P\Downloads\cognizant-all-weeks\week3-main\Exercise 1 Configuring a Basic Spring Application\demo\target\site</outputDirectory>
              <reportPlugins>
                <reportPlugin>
                  <groupId>org.apache.maven.plugins</groupId>
                  <artifactId>maven-project-info-reports-plugin</artifactId>
                </reportPlugin>
              </reportPlugins>
            </configuration>
          </execution>
        </executions>
        <configuration>
          <outputDirectory>c:\Users\ALLWIN SANTHOSH P\Downloads\cognizant-all-weeks\week3-main\Exercise 1 Configuring a Basic Spring Application\demo\target\site</outputDirectory>
          <reportPlugins>
            <reportPlugin>
              <groupId>org.apache.maven.plugins</groupId>
              <artifactId>maven-project-info-reports-plugin</artifactId>
            </reportPlugin>
          </reportPlugins>
        </configuration>
      </plugin>
    </plugins>
  </build>
  <reporting>
    <outputDirectory>c:\Users\ALLWIN SANTHOSH P\Downloads\cognizant-all-weeks\week3-main\Exercise 1 Configuring a Basic Spring Application\demo\target\site</outputDirectory>
  </reporting>
</project>
